{"cameraMode":{"drawMode":0,"name":"Shaded","section":"Shading Mode"},"sceneLighting":true,"audioPlay":false,"sceneViewState":{"showFog":false,"showMaterialUpdate":false,"showSkybox":false,"showFlares":false,"showImageEffects":false,"showParticleSystems":false},"in2DMode":false,"pivot":{"x":-14.35257339477539,"y":-9.078601837158204,"z":-4.546059608459473},"rotation":{"x":-0.14584225416183473,"y":0.744874119758606,"z":-0.17307940125465394,"w":-0.6276518106460571},"size":11.670512199401856,"orthographic":false}