{"cameraMode":{"drawMode":0,"name":"Shaded","section":"Shading Mode"},"sceneLighting":true,"audioPlay":false,"sceneViewState":{"showFog":false,"showMaterialUpdate":false,"showSkybox":false,"showFlares":false,"showImageEffects":false,"showParticleSystems":false},"in2DMode":false,"pivot":{"x":-14.663080215454102,"y":-7.704578399658203,"z":3.515164375305176},"rotation":{"x":-0.13461124897003175,"y":0.6046106815338135,"z":-0.1045999825000763,"w":-0.7780711054801941},"size":11.670512199401856,"orthographic":false}